<?xml version="1.0" encoding="UTF-8"?>
<beans 
    xmlns="http://www.springframework.org/schema/beans"
    xmlns:xsi="http://www.w3.org/2001/XMLSchema-instance" 
    xmlns:mongo="http://www.springframework.org/schema/data/mongo"
    xsi:schemaLocation="http://www.springframework.org/schema/beans 
                        http://www.springframework.org/schema/beans/spring-beans-3.2.xsd
                        http://www.springframework.org/schema/data/mongo 
                        http://www.springframework.org/schema/data/mongo/spring-mongo-1.7.xsd">
                        
    <mongo:mongo-client
        host="localhost"
        port="27017"
        > 
        <mongo:client-options
            connections-per-host="8"
            threads-allowed-to-block-for-connection-multiplier="32"
            connect-timeout="1000000"
            max-wait-time="1500000"
            socket-keep-alive="true"
            socket-timeout="1500000"
        />
    </mongo:mongo-client>
    
    <bean    id="mongoTemplate"
            class="org.springframework.data.mongodb.core.MongoTemplate">
            <constructor-arg ref="mongo"/>
            <constructor-arg name="databaseName" value="testDatabase"/>
    </bean>
    
    <bean    id="mongoDAO"
            class="com.ktds.dao.MongoDAO">
            <property name="mongoTemplate" ref="mongoTemplate"></property>
    </bean>
</beans>
 
